kind,query,algorithm,n,comparisons,seconds,trial_1,trial_2,trial_3,trial_4,trial_5
uniform,hit,linear_search,1000,507.34375,3.282812508587085e-05,3.310937495371036e-05,3.234375003557943e-05,3.282812508587085e-05,3.237187502236338e-05,3.341406250001455e-05
uniform,hit,binary_search,1000,17.15625,1.48593744597747e-06,1.5078126125445124e-06,1.4984373137849616e-06,1.4828126495558536e-06,1.4749998626939487e-06,1.48593744597747e-06
uniform,hit,interpolation_search,1000,14.546875,1.1874999472638592e-06,1.1937499948544428e-06,1.1874999472638592e-06,1.1874999472638592e-06,1.1812498996732756e-06,1.1796876151493052e-06
uniform,miss,linear_search,1000,1000,6.939843729014683e-05,6.968750017222192e-05,6.792812496314582e-05,6.802968755437178e-05,6.939843729014683e-05,7.4317187682027e-05
uniform,miss,binary_search,1000,19.96875,1.7593749817024218e-06,1.8078123957820935e-06,1.7437498627259629e-06,1.8812500002240995e-06,1.7593749817024218e-06,1.75624995790713e-06
uniform,miss,interpolation_search,1000,15.609375,1.228125029228977e-06,1.2374998732411768e-06,1.2328125649219146e-06,1.2203124697407475e-06,1.2187499578431016e-06,1.228125029228977e-06
uniform,hit,linear_search,3000,1501.6875,0.0001149156248629879,0.00011319062491566001,0.00012725624992526718,0.0001149156248629879,0.00011721562486854964,0.00010509218759580108
uniform,hit,binary_search,3000,20.4375,1.8421874301566277e-06,1.968749984371243e-06,1.8453124539519195e-06,1.8421874301566277e-06,1.8406249182589818e-06,1.8156251826439984e-06
uniform,hit,interpolation_search,3000,18.375,1.4218749129213393e-06,1.4499998997052899e-06,1.4328124962048605e-06,1.4218749129213393e-06,1.418750116499723e-06,1.403124997523264e-06
uniform,miss,linear_search,3000,3000,0.00021945312505522452,0.00021499687500181608,0.00021999687510287913,0.00021870937507628696,0.00021945312505522452,0.00022503750005853362
uniform,miss,binary_search,3000,23.3125,1.9968749711551936e-06,2.1187499896768713e-06,1.9984374830528395e-06,1.9968749711551936e-06,1.9734375200641807e-06,1.967187472473597e-06
uniform,miss,interpolation_search,3000,19.875,1.5156249446590664e-06,1.5828125015104888e-06,1.6359374512830982e-06,1.5156249446590664e-06,1.5062501006468665e-06,1.500000053056283e-06
uniform,hit,linear_search,10000,4846.5,0.00036630156250794244,0.00036630156250794244,0.0003712828126936074,0.00036041562498212443,0.00036346093770589505,0.00039552812518195424
uniform,hit,binary_search,10000,23.25,2.2031251774023985e-06,2.2828126020613126e-06,2.2031251774023985e-06,2.760937604762148e-06,2.1140624539839337e-06,2.1359373931773007e-06
uniform,hit,interpolation_search,10000,16.890625,1.462499994886457e-06,1.470312327001011e-06,1.4562499472958734e-06,1.462499994886457e-06,1.5265625279425876e-06,1.426562448614277e-06
uniform,miss,linear_search,10000,10000,0.0007647625000117841,0.0007511484375299915,0.0007647625000117841,0.0007754906248464977,0.0007671749999644817,0.0007596515624754829
uniform,miss,binary_search,10000,26.5,2.2906249341758667e-06,2.310937361471588e-06,2.2906249341758667e-06,2.2937499579711584e-06,2.279687578266021e-06,2.2687499949824996e-06
uniform,miss,interpolation_search,10000,18.09375,1.4203124010236934e-06,1.4874999578751158e-06,1.6015626442822395e-06,1.3968749499326805e-06,1.4015624856256181e-06,1.4203124010236934e-06
uniform,hit,linear_search,30000,14436.265625,0.0011370046875072148,0.001080464062624742,0.001055464062574174,0.0011389937501462555,0.0011501031249281368,0.0011370046875072148
uniform,hit,binary_search,30000,26.90625,2.4031251086853445e-06,2.3906250135041773e-06,2.5765623377083102e-06,2.382812454015948e-06,2.4031251086853445e-06,2.4250000478787115e-06
uniform,hit,interpolation_search,30000,17.671875,1.556250026624184e-06,1.5921875728963641e-06,1.5671873825340299e-06,1.556250026624184e-06,1.543749931443017e-06,1.5296875517378794e-06
uniform,miss,linear_search,30000,30000,0.002303898437503449,0.002303898437503449,0.002346703125112981,0.002275351562502692,0.0023783531250956003,0.002278753124983268
uniform,miss,binary_search,30000,29.875,2.649999942150316e-06,2.649999942150316e-06,2.790624876070069e-06,2.651562454047962e-06,2.548437578298035e-06,2.5984375042753527e-06
uniform,miss,interpolation_search,30000,18.5625,1.5374998838524334e-06,1.6046874407038558e-06,1.529687324364204e-06,1.5890625491010724e-06,1.5374998838524334e-06,1.5250000160449417e-06
uniform,hit,linear_search,100000,48479.140625,0.003982975000099032,0.003982975000099032,0.003974526562387837,0.004007717187505477,0.003935121874974357,0.004047025000090798
uniform,hit,binary_search,100000,30.375,2.901562538681901e-06,2.9218751933512976e-06,2.9343750611587893e-06,2.901562538681901e-06,2.823437625920633e-06,2.8984375148866093e-06
uniform,hit,interpolation_search,100000,20.171875,1.7640625173953595e-06,1.7765626125765266e-06,1.7640625173953595e-06,1.7828126601671102e-06,1.7078123164537828e-06,1.7062500319298124e-06
uniform,miss,linear_search,100000,100000,0.008294909374853887,0.008492039062502954,0.00836928437502138,0.008271989062450302,0.008294909374853887,0.008258062500090091
uniform,miss,binary_search,100000,33.40625,2.9140624064893927e-06,3.017187509612995e-06,2.9140624064893927e-06,2.937500084954081e-06,2.8624999686144292e-06,2.873437324524275e-06
uniform,miss,interpolation_search,100000,21.734375,1.689062628429383e-06,1.6859373772604158e-06,1.7156251033156877e-06,1.689062628429383e-06,1.8828125121217454e-06,1.5953123693179805e-06
exponential,hit,linear_search,1000,559.015625,3.557968739187345e-05,3.579531266950653e-05,3.557968739187345e-05,3.586875004657486e-05,3.542500007824856e-05,3.5543750072974944e-05
exponential,hit,binary_search,1000,17.46875,1.5250000160449417e-06,1.5906250609987183e-06,1.5718749182269676e-06,1.5250000160449417e-06,1.5234375041472958e-06,1.5250000160449417e-06
exponential,hit,interpolation_search,1000,134.9375,8.634375035398989e-06,8.596875204602838e-06,8.634375035398989e-06,8.653124950797064e-06,8.696875056557474e-06,8.52968742037774e-06
exponential,miss,linear_search,1000,1000,6.986718767620914e-05,6.986718767620914e-05,7.139843751247099e-05,6.965156262594974e-05,7.049843748063722e-05,6.893281238262716e-05
exponential,miss,binary_search,1000,19.96875,1.734375018713763e-06,1.7859374565887265e-06,1.734375018713763e-06,1.7359375306114089e-06,1.734375018713763e-06,1.732812506816117e-06
exponential,miss,interpolation_search,1000,136.78125,8.906250059226295e-06,8.700000080352766e-06,8.731250090932008e-06,9.028125077747973e-06,9.018750006362097e-06,8.906250059226295e-06
exponential,hit,linear_search,3000,1401.625,9.798906239666394e-05,9.83359375368309e-05,9.798906239666394e-05,9.78921875685046e-05,0.00010103750014422985,9.769062489795033e-05
exponential,hit,binary_search,3000,20.25,1.8078123957820935e-06,1.8250000266561983e-06,1.896874891826883e-06,1.8078123957820935e-06,1.8015625755651854e-06,1.7812499208957888e-06
exponential,hit,interpolation_search,3000,172.046875,1.0868749996006954e-05,1.1012499953722e-05,1.0824999890246545e-05,1.0957812492051744e-05,1.0868749996006954e-05,1.080624997484847e-05
exponential,miss,linear_search,3000,3000,0.00022452187499766296,0.00022452187499766296,0.0002164578124848049,0.00022721406230630237,0.0002228203125014261,0.00024125468735292088
exponential,miss,binary_search,3000,23.3125,2.02656246983679e-06,2.049999920927803e-06,2.029687493632082e-06,2.02656246983679e-06,2.0234374460414983e-06,1.9999999949504854e-06
exponential,miss,interpolation_search,3000,174.515625,1.2934375035911216e-05,1.2934375035911216e-05,1.1665624924717122e-05,1.161718751063745e-05,1.3271875104692299e-05,1.747343753777386e-05
exponential,hit,linear_search,10000,4933.78125,0.00037814687516402046,0.0006422343751637527,0.00038589531231991714,0.0003683109373469051,0.00037814687516402046,0.000369668749954144
exponential,hit,binary_search,10000,23.96875,2.1359373931773007e-06,2.1328125967556844e-06,2.1359373931773007e-06,2.1374999050749466e-06,2.126562549165101e-06,2.228124913017382e-06
exponential,hit,interpolation_search,10000,319.703125,2.0914062588417437e-05,2.1809374857184594e-05,2.0914062588417437e-05,2.0795312366317376e-05,2.0971875073882984e-05,2.07765624509193e-05
exponential,miss,linear_search,10000,10000,0.0007694828125295317,0.000739142187512698,0.000889053125092687,0.000771423437527119,0.0007693437498801359,0.0007694828125295317
exponential,miss,binary_search,10000,27,2.3296875042433385e-06,2.3296875042433385e-06,2.3296875042433385e-06,2.321874944755109e-06,2.324999968550401e-06,2.4140624645951902e-06
exponential,miss,interpolation_search,10000,322.71875,2.1209375063335756e-05,2.1423437601697515e-05,2.091250007651979e-05,2.1145312530279625e-05,2.1209375063335756e-05,2.2048437585908687e-05
exponential,hit,linear_search,30000,16688.703125,0.0013054828125405038,0.0013631125000301836,0.0012594500001341657,0.001365590625027835,0.001284014062548522,0.0013054828125405038
exponential,hit,binary_search,30000,24.78125,3.0156249977153493e-06,2.221875092800474e-06,2.17968749893771e-06,3.0156249977153493e-06,3.018750021510641e-06,3.101562469964847e-06
exponential,hit,interpolation_search,30000,346.265625,2.44062498495623e-05,2.466718751747976e-05,2.5643750177550828e-05,2.3639062646907405e-05,2.438593742226658e-05,2.44062498495623e-05
exponential,miss,linear_search,30000,30000,0.002386146874869155,0.002403398437309079,0.002386146874869155,0.00240465156252867,0.0023354359373115585,0.0022289890623596875
exponential,miss,binary_search,30000,29.78125,2.6031250399682904e-06,2.7671874249790562e-06,2.6062498363899067e-06,2.595312480480061e-06,2.592187456684769e-06,2.6031250399682904e-06
exponential,miss,interpolation_search,30000,351.78125,2.4476562430209015e-05,2.4476562430209015e-05,2.4618749876026413e-05,2.4609375032014214e-05,2.4331249960596324e-05,2.4075000055745477e-05
exponential,hit,linear_search,100000,51108.65625,0.004489510937446539,0.004296817187650959,0.004375134374868139,0.00465486562507067,0.004589246874957098,0.004489510937446539
exponential,hit,binary_search,100000,26,2.229687424915028e-06,2.3328125280386303e-06,2.9875000109313987e-06,2.22499988922209e-06,2.229687424915028e-06,2.2265626284934115e-06
exponential,hit,interpolation_search,100000,512.90625,3.8825000046927016e-05,3.9293749978241976e-05,3.8825000046927016e-05,3.9884374928078614e-05,3.8732812527086935e-05,3.7715625012424425e-05
exponential,miss,linear_search,100000,100000,0.008446814062381236,0.008446814062381236,0.009114289062608805,0.00790481562489731,0.008303731249952762,0.008946490625021397
exponential,miss,binary_search,100000,33.34375,4.435937398739043e-06,4.312499868319719e-06,4.67343761556549e-06,4.457812565306085e-06,4.435937398739043e-06,3.7218749184830813e-06
exponential,miss,interpolation_search,100000,527.71875,4.4242187641430064e-05,4.1659375028757495e-05,4.856250006923801e-05,4.0931250168796396e-05,4.881250015387195e-05,4.4242187641430064e-05
